{"Accels": [1.0329438719089705, 1.006786881951761, 0.9977610324645727], "AccelBias": [-0.21158242556373513, -0.10130134382659117, 0.5576705246455427], "GyroBias": [-0.012541016933915157, -0.01859713766182407, 0.17141165277502243], "Mags": [1.0, 1.0, 1.0], "MagBias": [0.0, 0.0, 0.0]}