{"Accels": [1.0075846749345958, 1.0088211624156662, 1.0119078868133125], "AccelBias": [0.03226697096384976, -0.0580914368963011, 0.5935824556310774], "GyroBias": [-0.0152401718845465, -0.016459918275655686, -0.002611269293630031], "Mags": [1.0, 1.0, 1.0], "MagBias": [0.0, 0.0, 0.0]}