{"Accels": [1.011180304395591, 1.0126064754897781, 0.9912747852729556], "AccelBias": [0.042199649438977846, -0.17826192321527107, 0.1584681648551909], "GyroBias": [-0.002589963679811529, 0.054285372408676924, -0.012417178053595119], "Mags": [1.0, 1.0, 1.0], "MagBias": [0.0, 0.0, 0.0]}