{"Accels": [1.0032060957456777, 1.0259230489615847, 1.0077179183271037], "AccelBias": [-0.050213811561661485, 0.12230067787472214, 0.14268109583614866], "GyroBias": [-0.06317380817358281, -0.052770010625836035, 0.00803354801043854], "Mags": [1.0, 1.0, 1.0], "MagBias": [0.0, 0.0, 0.0]}