{"Accels": [1.0078059402651807, 1.008747247821654, 1.0007473346235825], "AccelBias": [0.026778418328272595, -0.0481000499948284, 0.43136922911532677], "GyroBias": [-0.020625165777172633, -0.01768499107021949, -0.001854920003073245], "Mags": [1.0, 1.0, 1.0], "MagBias": [0.0, 0.0, 0.0]}