{"Accels": [1.0073297515114943, 1.0086444686389835, 0.9845704802829], "AccelBias": [0.11193203156438278, -0.10822012320745757, 0.8721924331623352], "GyroBias": [0.012345271606957683, -0.04778449699230681, 0.000782981307829912], "Mags": [1.0, 1.0, 1.0], "MagBias": [0.0, 0.0, 0.0]}