{"Accels": [1.0068481343926787, 1.0089612571809683, 1.0163903509683432], "AccelBias": [0.10415818370035172, 0.027796566252428823, 0.9506335783671314], "GyroBias": [-0.02660005885239851, -0.03459365883692735, 0.006218576033274984], "Mags": [1.0, 1.0, 1.0], "MagBias": [0.0, 0.0, 0.0]}