{"Accels": [1.0087842037647117, 1.0100476117964807, 1.1276930155820728], "AccelBias": [-0.010105245123708894, -0.04808950376585021, 1.3872682558588927], "GyroBias": [-0.05379933809344238, -0.04847027143708979, 0.015177586643954657], "Mags": [1.0, 1.0, 1.0], "MagBias": [0.0, 0.0, 0.0]}