{"Accels": [1.0, 1.0, 1.0], "AccelBias": [0.0, 0.0, 0.0], "GyroBias": [-0.023966152344086323, -0.043067966733236124, 4.261122763700201e-05], "Mags": [1.0, 1.0, 1.0], "MagBias": [0.0, 0.0, 0.0]}