{"Accels": [1.0061620999532654, 1.0412856616704236, 1.0495554823839317], "AccelBias": [-0.036274687550089335, -0.4044272466490884, -0.35325524945900677], "GyroBias": [0.007480933652021162, 0.041186414712889745, -0.005419615515081196], "Mags": [1.0, 1.0, 1.0], "MagBias": [0.0, 0.0, 0.0]}