{"Accels": [1.0326284431584012, 1.0107642108497177, 0.9959432806996267], "AccelBias": [-0.1795521696778619, -0.11682411545985723, 0.8163684392891765], "GyroBias": [-0.029951698226221457, -0.043109246360009484, 0.011013670743301366], "Mags": [1.0, 1.0, 1.0], "MagBias": [0.0, 0.0, 0.0]}