{
    "0": [
        0.2925481548952631,
        1.1185721597849938,
        -0.16074452318890275,
        -0.16074452318890275
    ],
    "1": [
        -0.45410101120078716,
        0.7699766143705873,
        -0.18802434840082513,
        -0.18802434840082513
    ],
    "2": [
        -0.6632829635336244,
        0.5767313626351143,
        -0.20385721063226914,
        -0.20385721063226914
    ],
    "3": [
        -0.6840297819654739,
        0.24075267247562232,
        -0.286063352185948,
        -0.286063352185948
    ]
}