{"0": [ 0.36359449636281527, 1.1176961012527227, -0.04044315044050267, 0.331473353891203 ], "1": [ -0.22774864380613352, 6.088886426617129, -0.1008884564361198, 1.6299114783946314 ], "2": [ -0.6180466372566776, 10.579064301446538, -0.18690329909787018, 1.5542957081146183 ], "3": [ -0.7713366589722849, 0.3359317764018391, -0.40101947293766527, 1.6653114687247474 ] }