{
    "0": [
        0.05158160614919405,
        2.3839461930167682,
        -0.5732538441547939,
        1.3694722499768
    ],
    "1": [
        -0.3662697894308605,
        0.6036073712917881,
        -0.27681749016063691,
        1.660800359234129
    ],
    "2": [
        -0.6428954465672556,
        0.43665132564969444,
        -0.2523148726564304,
        1.5513802587375475
    ],
    "3": [
        -0.7619933876835095,
        0.8771903766805191,
        -0.22645133951000143,
        1.6310561707336237
    ],
    "4": [
        -0.30544100098165616,
        0.6498690703807067,
        -0.7279176181116037,
        1.0977146011094875
    ],
    "5": [
        -0.5551529518839236,
        0.03920072514999608,
        -1.6459198250232282,
        0.6242932141995105
    ]
}