{"0": [0.5993049727614848, 1.5786368746291486, -0.23049068214570023, 0.8813621048788274], "1": [-0.3302558705237362, 3.468924620628198, -0.21762519892016674, 2.1975376797261236], "2": [-0.7284062356436773, 1.0449836378579365, -0.2592044643435392, 1.8330809082204804], "3": [-2.5550719605560777, 0.6360436803091635, -0.12282784549119585, 1.8783558061516168], "4": [-0.18681134110737968, 0.4590837232674878, -0.623262703415603, 1.0176297444876614], "5": [-0.4688171963295578, -0.1568631252055319, -1.2080852859202684, 0.0334089113078285]}