{"Accels": [1.0083626320364971, 1.0121385583477378, 0.9948057885902221], "AccelBias": [0.1327196445689042, -0.045838370422170704, 0.7156587968701755], "GyroBias": [-0.02349876044094296, -0.044448836828847725, 0.002038680922257817], "Mags": [1.248247600560768, 0.7919767065674539, 0.9597756928717783], "MagBias": [-0.18961151256871123, 0.5653340174740953, -2.0886437384491856]}